{
  "chart": {
    "title": "Weekly confirmed COVID-19 deaths per million people",
    "subtitle": "Weekly confirmed deaths refer to the cumulative number of confirmed deaths over the previous week. Due to varying protocols and challenges in the attribution of the cause of death, the number of confirmed deaths may not accurately represent the true number of deaths caused by COVID-19.",
    "citation": "World Health Organization (2025); Population based on various sources (2024)",
    "originalChartUrl": "https://ourworldindata.org/grapher/weekly-covid-deaths-per-million-people?v=1&csvType=full&useColumnShortNames=false",
    "selection": [
      "United States",
      "United Kingdom",
      "Brazil",
      "Russia",
      "South Africa",
      "Italy",
      "Sweden"
    ]
  },
  "columns": {
    "Weekly deaths per million people": {
      "titleShort": "Weekly deaths per million people",
      "titleLong": "Weekly deaths per million people",
      "descriptionShort": "Cumulative number of confirmed deaths over the previous week. Due to varying protocols and challenges in the attribution of the cause of death, the number of confirmed deaths may not accurately represent the true number of deaths caused by COVID-19.",
      "descriptionKey": [
        "The actual death toll from COVID-19 is likely to be higher than the number of confirmed deaths – this is due to limited testing, [poorly functioning death registries](#dod:crvs), challenges in determining the cause of death, and disruptions during the pandemic. The difference between reported confirmed deaths and actual deaths varies between countries.",
        "[Excess mortality](https://ourworldindata.org/excess-mortality-covid) is a more comprehensive measure of the total mortality impact of the pandemic, compared to the number of confirmed COVID-19 deaths. This is because it captures not only confirmed deaths, but also COVID-19 deaths that were not accurately diagnosed.",
        "COVID-19 deaths may be recorded in different ways between countries (e.g., some countries may only count hospital deaths, whilst others also include deaths in homes).",
        "Data are presented by the date of reporting rather than symptom onset, and retrospective updates by countries can sometimes lead to sudden spikes or even negative values.",
        "WHO encourages weekly reporting to reduce inconsistencies in daily reporting frequencies across countries and help minimize the risk of misinterpreting periods of zero reporting as zero deaths.",
        "There are often large differences in the population size between countries. Therefore, to compare deaths between countries, it is more insightful to look at the number of confirmed deaths as a rate per million people.",
        "We provide more detail on these points in [Deaths from COVID-19: background](https://ourworldindata.org/covid-deaths#deaths-from-covid-19-background)."
      ],
      "descriptionProcessing": "This indicator is estimated by normalizing by population. We have used daily population estimates, which leads to changes in the denominator between datapoints from different days. For instance, the denominator for January 1st will be different to the one on January 2nd.",
      "unit": "deaths per million people",
      "timespan": "",
      "type": "Numeric",
      "owidVariableId": 954545,
      "shortName": "weekly_deaths_per_million",
      "lastUpdated": "2025-07-05",
      "nextUpdate": "2025-08-05",
      "citationShort": "World Health Organization (2025); Population based on various sources (2024) – with major processing by Our World in Data",
      "citationLong": "World Health Organization (2025); Population based on various sources (2024) – with major processing by Our World in Data. “Weekly deaths per million people” [dataset]. World Health Organization, “COVID-19 Dashboard WHO COVID-19 Dashboard - Daily cases and deaths”; Various sources, “Population” [original data].",
      "fullMetadata": "https://api.ourworldindata.org/v1/indicators/954545.metadata.json"
    }
  },
  "dateDownloaded": "2025-07-05",
  "activeFilters": {}
}